"service","type","title","year","genre_primary","genre_secondary","critic_score","audience_score","average_score"
"Amazon Prime","TV Show","Better Call Saul",2015,"Drama","Drama",".98",".95","0.96"
"Amazon Prime","TV Show","The Boys",2019,"Drama","Drama",".93",".85","0.89"
"Amazon Prime","TV Show","The Chosen",2019,"Drama","Drama","1",".99","1"
"Amazon Prime","TV Show","Breaking Bad",2008,"Crime","Crime",".96",".97","0.96"
"Amazon Prime","TV Show","The Old Man",2022,"Mystery thriller","Mystery thriller",".95",".78","0.86"
"Amazon Prime","TV Show","Westworld",2016,"Drama","Drama",".81",".75","0.78"
"Amazon Prime","TV Show","Dark Winds",2022,"Mystery thriller","Mystery thriller","1",".84","0.92"
"Amazon Prime","TV Show","The Orville",2017,"Comedy","Comedy",".77",".87","0.82"
"Amazon Prime","TV Show","Game of Thrones",2011,"Drama","Drama",".89",".85","0.87"
"Amazon Prime","TV Show","P-Valley",2020,"Drama","Drama",".95",".88","0.92"
"Amazon Prime","TV Show","Paper Girls",2022,"Sci fi","Sci fi",".90",".83","0.86"
"Amazon Prime","TV Show","Yellowjackets",2021,"Drama","Drama","1",".77","0.88"
"Amazon Prime","TV Show","Yellowstone",2018,"Drama","Drama",".83",".84","0.84"
"Amazon Prime","TV Show","Fleabag",2016,"Comedy","Comedy","1",".93","0.97"
"Amazon Prime","TV Show","What We Do in the Shadows",2019,"Comedy","Comedy",".98",".90","0.94"
"Amazon Prime","TV Show","Outer Range",2022,"Drama","Drama",".81",".65","0.73"
"Amazon Prime","TV Show","The Last Kingdom",2015,"History","History",".91",".94","0.92"
"Amazon Prime","TV Show","Night Sky",2022,"Sci fi","Sci fi",".74",".82","0.78"
"Amazon Prime","TV Show","Barry",2018,"Comedy","Comedy",".99",".90","0.94"
"Amazon Prime","TV Show","Evil",2019,"Drama","Drama",".95",".83","0.89"
"Amazon Prime","TV Show","Reacher",2022,"Drama","Drama",".92",".91","0.92"
"Amazon Prime","TV Show","Succession",2018,"Drama","Drama",".94",".85","0.9"
"Amazon Prime","TV Show","Harley Quinn",2019,"Fantasy","Fantasy",".96",".90","0.93"
"Amazon Prime","TV Show","The Walking Dead",2010,"Drama","Drama",".80",".78","0.79"
"Amazon Prime","TV Show","The Summer I Turned Pretty",2022,"Drama","Drama",".91",".80","0.86"
"Amazon Prime","TV Show","Euphoria",2019,"Drama","Drama",".88",".85","0.86"
"Amazon Prime","TV Show","Marvel's Daredevil",2015,"Drama","Drama",".92",".89","0.9"
"Amazon Prime","TV Show","Counterpart",2017,"Drama","Drama","1",".90","0.95"
"Amazon Prime","TV Show","The Expanse",2015,"Drama","Drama",".94",".92","0.93"
"Amazon Prime","TV Show","The White Lotus",2021,"Comedy","Comedy",".89",".77","0.83"
"Amazon Prime","TV Show","Banshee",2013,"Mystery thriller","Mystery thriller",".90",".90","0.9"
"Amazon Prime","TV Show","Mr. Robot",2015,"Drama","Drama",".94",".93","0.94"
"Amazon Prime","TV Show","Resident Alien",2021,"Sci fi","Sci fi",".94",".74","0.84"
"Amazon Prime","TV Show","Legion",2017,"Adventure","Adventure",".91",".86","0.88"
"Amazon Prime","TV Show","Lucifer",2016,"Crime","Crime",".88",".73","0.8"
"Amazon Prime","TV Show","The Sopranos",1999,"Crime","Crime",".92",".97","0.94"
"Amazon Prime","TV Show","The Staircase",2022,"Crime","Crime",".93",".67","0.8"
"Amazon Prime","TV Show","The Wire",2002,"Crime","Crime",".94",".97","0.96"
"Amazon Prime","TV Show","Suits",2011,"Drama","Drama",".90",".87","0.88"
"Amazon Prime","TV Show","The Wheel of Time",2021,"Fantasy","Fantasy",".81",".62","0.72"
"Amazon Prime","TV Show","The Blacklist",2013,"Crime","Crime",".91",".80","0.86"
"Amazon Prime","TV Show","The Flight Attendant",2020,"Comedy","Comedy",".91",".60","0.76"
"Amazon Prime","TV Show","Peacemaker",2022,"Comedy","Comedy",".94",".89","0.92"
"Amazon Prime","TV Show","Vikings",2013,"History","History",".93",".87","0.9"
"Amazon Prime","TV Show","Pretty Little Liars",2010,"Drama","Drama",".81",".81","0.81"
"Amazon Prime","TV Show","The Office",2005,"Comedy","Comedy",".81",".89","0.85"
"Amazon Prime","TV Show","Fargo",2014,"Crime","Crime",".93",".84","0.88"
"Amazon Prime","TV Show","Rick and Morty",2013,"Action","Action",".94",".87","0.9"
"Amazon Prime","TV Show","Better Things",2016,"Comedy","Comedy",".98",".83","0.9"
"Amazon Prime","TV Show","We Own This City",2022,"Crime","Crime",".93",".75","0.84"
"Amazon Prime","TV Show","The Flash",2014,"Drama","Drama",".89",".63","0.76"
"Amazon Prime","TV Show","Marvel's The Punisher",2017,"Drama","Drama",".64",".77","0.7"
"Amazon Prime","TV Show","Avatar: The Last Airbender",2005,"Kids family","Kids family","1",".98","0.99"
"Amazon Prime","TV Show","True Detective",2014,"Crime","Crime",".78",".74","0.76"
"Amazon Prime","TV Show","American Horror Story",2011,"Horror","Horror",".77",".70","0.74"
"Amazon Prime","TV Show","The Handmaid's Tale",2017,"Drama","Drama",".83",".77","0.8"
"Amazon Prime","TV Show","Shameless",2010,"Comedy","Comedy",".82",".81","0.82"
"Amazon Prime","TV Show","You",2018,"Drama","Drama",".91",".76","0.84"
"Amazon Prime","TV Show","Cobra Kai",2018,"Comedy","Comedy",".93",".92","0.92"
"Amazon Prime","TV Show","Taboo",2017,"Crime","Crime",".76",".92","0.84"
"Amazon Prime","TV Show","Nathan for You",2013,"Comedy","Comedy",".97",".95","0.96"
"Amazon Prime","TV Show","The Leftovers",2014,"Drama","Drama",".91",".90","0.9"
"Amazon Prime","TV Show","Outlander",2014,"Drama","Drama",".89",".86","0.88"
"Amazon Prime","TV Show","Bosch",2014,"Drama","Drama",".97",".93","0.95"
"Amazon Prime","TV Show","Attack on Titan",2013,"Adventure","Adventure",".96",".95","0.96"
"Amazon Prime","TV Show","The Man in the High Castle",2015,"History","History",".84",".81","0.82"
"Amazon Prime","TV Show","The 100",2014,"Drama","Drama",".93",".66","0.8"
"Amazon Prime","TV Show","The Fall",2013,"Crime","Crime",".84",".86","0.85"
"Amazon Prime","TV Show","Doom Patrol",2019,"Drama","Drama",".97",".75","0.86"
"Amazon Prime","TV Show","The Americans",2013,"Crime","Crime",".96",".93","0.94"
"Amazon Prime","TV Show","Kevin Can F**k Himself",2021,"Comedy","Comedy",".82",".72","0.77"
"Amazon Prime","TV Show","Pennyworth",2019,"Drama","Drama",".66",".85","0.76"
"Amazon Prime","TV Show","Undone",2019,"Comedy","Comedy",".97",".91","0.94"
"Amazon Prime","TV Show","The Wilds",2020,"Drama","Drama",".88",".83","0.86"
"Amazon Prime","TV Show","Black Mirror",2011,"Sci fi","Sci fi",".84",".83","0.84"
"Amazon Prime","TV Show","Catastrophe",2015,"Comedy","Comedy",".98",".91","0.94"
"Amazon Prime","TV Show","American Gods",2017,"Drama","Drama",".77",".70","0.74"
"Amazon Prime","TV Show","The Vampire Diaries",2009,"Drama","Drama",".86",".70","0.78"
"Amazon Prime","TV Show","This Is Going to Hurt",2022,"Comedy","Comedy",".95",".96","0.96"
"Amazon Prime","TV Show","Brooklyn Nine-Nine",2013,"Comedy","Comedy",".95",".88","0.92"
"Amazon Prime","TV Show","Supernatural",2005,"Drama","Drama",".93",".75","0.84"
"Amazon Prime","TV Show","Lost",2004,"Drama","Drama",".85",".91","0.88"
"Amazon Prime","TV Show","This Is Us",2016,"Drama","Drama",".94",".78","0.86"
"Amazon Prime","TV Show","The Haunting of Hill House",2018,"Drama","Drama",".93",".91","0.92"
"Amazon Prime","TV Show","Titans",2018,"Drama","Drama",".86",".67","0.76"
"Amazon Prime","TV Show","Atlanta",2016,"Comedy","Comedy",".97",".83","0.9"
"Amazon Prime","TV Show","Invincible",2021,"Action","Action",".98",".92","0.95"
"Amazon Prime","TV Show","Adventure Time",2010,"Kids family","Kids family","1",".93","0.97"
"Amazon Prime","TV Show","Killing Eve",2018,"Action","Action",".89",".73","0.81"
"Amazon Prime","TV Show","Tom Clancy's Jack Ryan",2018,"Mystery thriller","Mystery thriller",".71",".73","0.72"
"Amazon Prime","TV Show","Good Omens",2019,"Fantasy","Fantasy",".84",".90","0.87"
"Amazon Prime","TV Show","The Sinner",2017,"Crime","Crime",".89",".73","0.81"
"Amazon Prime","TV Show","The Big Bang Theory",2007,"Comedy","Comedy",".81",".83","0.82"
"Amazon Prime","TV Show","Community",2009,"Comedy","Comedy",".88",".88","0.88"
"Amazon Prime","TV Show","Friends",1994,"Comedy","Comedy",".79",".93","0.86"
"Amazon Prime","TV Show","Justified",2010,"Crime","Crime",".97",".95","0.96"
"Amazon Prime","TV Show","Sneaky Pete",2015,"Drama","Drama",".96",".90","0.93"
"Amazon Prime","TV Show","The Good Place",2016,"Comedy","Comedy",".97",".89","0.93"
"Amazon Prime","TV Show","The Legend of Vox Machina",2022,"Fantasy","Fantasy","1",".93","0.97"
"Amazon Prime","TV Show","Gravity Falls",2012,"Kids family","Kids family","1",".96","0.98"
"Amazon Prime","TV Show","Mad Men",2007,"Drama","Drama",".94",".96","0.95"
"Amazon Prime","TV Show","Prison Break",2005,"Drama","Drama",".61",".78","0.7"
"Amazon Prime","TV Show","A Very English Scandal",2018,"Crime","Crime",".97",".80","0.88"
"Amazon Prime","TV Show","Modern Family",2009,"Comedy","Comedy",".85",".89","0.87"
"Amazon Prime","TV Show","Patriot",2015,"Drama","Drama",".91",".84","0.88"
"Amazon Prime","TV Show","Raised by Wolves",2020,"Sci fi","Sci fi",".80",".80","0.8"
"Amazon Prime","TV Show","The Split",2018,"Drama","Drama",".76",".90","0.83"
"Amazon Prime","TV Show","House of Cards",2013,"Drama","Drama",".77",".76","0.76"
"Amazon Prime","TV Show","The Marvelous Mrs. Maisel",2017,"Comedy","Comedy",".89",".83","0.86"
"Amazon Prime","TV Show","Upload",2020,"Comedy","Comedy",".94",".81","0.88"
"Amazon Prime","TV Show","Hannibal",2013,"Crime","Crime",".92",".94","0.93"
"Amazon Prime","TV Show","Jurassic World: Camp Cretaceous",2020,"Kids family","Kids family",".92",".77","0.84"
"Amazon Prime","TV Show","Billions",2016,"Drama","Drama",".91",".69","0.8"
"Amazon Prime","TV Show","Lost in Space",2018,"Sci fi","Sci fi",".84",".78","0.81"
"Amazon Prime","TV Show","It's Always Sunny in Philadelphia",2005,"Comedy","Comedy",".94",".92","0.93"
"Amazon Prime","TV Show","Goliath",2016,"Crime","Crime",".86",".70","0.78"
"Amazon Prime","TV Show","Black Sails",2014,"Adventure","Adventure",".81",".83","0.82"
"Amazon Prime","TV Show","The Great",2020,"History","History",".94",".86","0.9"
"Amazon Prime","TV Show","Mare of Easttown",2021,"Drama","Drama",".95",".94","0.94"
"Amazon Prime","TV Show","The Boys Presents: Diabolical",2022,"Drama","Drama",".97",".73","0.85"
"Amazon Prime","TV Show","Arrested Development",2003,"Comedy","Comedy",".74",".85","0.8"
"Amazon Prime","TV Show","Solar Opposites",2020,"Comedy","Comedy",".97",".86","0.92"
"Amazon Prime","TV Show","Superman & Lois",2021,"Drama","Drama",".86",".81","0.84"
"Amazon Prime","TV Show","The Owl House",2020,"Kids family","Kids family","1",".93","0.97"
"Amazon Prime","TV Show","Fringe",2008,"Crime","Crime",".90",".77","0.84"
"Amazon Prime","TV Show","Snowfall",2017,"Drama","Drama",".90",".87","0.88"
"Amazon Prime","TV Show","Line of Duty",2012,"Crime","Crime",".96",".94","0.95"
"Amazon Prime","TV Show","The End of the F...ing World",2017,"Comedy","Comedy",".94",".92","0.93"
"Amazon Prime","TV Show","Abbott Elementary",2021,"Comedy","Comedy",".98",".90","0.94"
"Amazon Prime","TV Show","Sons of Anarchy",2008,"Crime","Crime",".87",".91","0.89"
"Amazon Prime","TV Show","Band of Brothers",2001,"History","History",".97",".98","0.98"
"Amazon Prime","TV Show","Schitt's Creek",2015,"Comedy","Comedy",".93",".91","0.92"
"Amazon Prime","TV Show","Grey's Anatomy",2005,"Drama","Drama",".84",".75","0.8"
"Amazon Prime","TV Show","Forever",2018,"Comedy","Comedy",".95",".78","0.86"
"Amazon Prime","TV Show","How I Met Your Mother",2005,"Comedy","Comedy",".84",".84","0.84"
"Amazon Prime","TV Show","Marvel's Agents of S.H.I.E.L.D.",2013,"Drama","Drama",".95",".91","0.93"
"Amazon Prime","TV Show","How to Get Away With Murder",2014,"Drama","Drama",".88",".86","0.87"
"Amazon Prime","TV Show","Star Wars: The Clone Wars",2008,"Kids family","Kids family",".93",".91","0.92"
"Amazon Prime","TV Show","Dexter",2006,"Crime","Crime",".71",".81","0.76"
"Amazon Prime","TV Show","Fortitude",2015,"Crime","Crime",".84",".64","0.74"
"Amazon Prime","TV Show","Longmire",2012,"Crime","Crime",".88",".92","0.9"
"Amazon Prime","TV Show","Marvel - Jessica Jones",2015,"Drama","Drama",".83",".79","0.81"
"Amazon Prime","TV Show","Altered Carbon",2018,"Sci fi","Sci fi",".75",".64","0.7"
"Amazon Prime","TV Show","Castlevania",2017,"Action","Action",".94",".89","0.92"
"Amazon Prime","TV Show","Big Little Lies",2017,"Drama","Drama",".89",".89","0.89"
"Amazon Prime","TV Show","Sharp Objects",2018,"Drama","Drama",".92",".83","0.88"
"Amazon Prime","TV Show","The Outsider",2020,"Crime","Crime",".91",".83","0.87"
"Amazon Prime","TV Show","Jane The Virgin",2014,"Drama","Drama","1",".85","0.92"
"Amazon Prime","TV Show","Sex and the City",1998,"Comedy","Comedy",".70",".81","0.76"
"Amazon Prime","TV Show","Steven Universe",2013,"Kids family","Kids family","1",".86","0.93"
"Amazon Prime","Movie","Elvis",2022,"Biography","Biography",".78",".94","0.86"
"Amazon Prime","Movie","I Love My Dad",2022,"Comedy","Comedy",".71",".83","0.77"
"Amazon Prime","Movie","Thirteen Lives",2022,"Drama","Drama",".88",".94","0.91"
"Amazon Prime","Movie","Lightyear",2022,"Kids & family","Kids & family",".75",".84","0.8"
"Amazon Prime","Movie","Everything Everywhere All at Once",2022,"Comedy","Comedy",".95",".89","0.92"
"Amazon Prime","Movie","X",2022,"Horror","Horror",".95",".75","0.85"
"Amazon Prime","Movie","Doctor Strange in the Multiverse of Madness",2022,"Action","Action",".74",".85","0.8"
"Amazon Prime","Movie","Predator",1987,"Action","Action",".80",".87","0.84"
"Amazon Prime","Movie","Leave No Trace",2018,"Drama","Drama","1",".80","0.9"
"Amazon Prime","Movie","The Batman",2022,"Action","Action",".85",".87","0.86"
"Amazon Prime","Movie","The Northman",2022,"Adventure","Adventure",".89",".64","0.76"
"Amazon Prime","Movie","The Lost City",2022,"Romance","Romance",".79",".83","0.81"
"Amazon Prime","Movie","Belfast",2021,"Drama","Drama",".87",".92","0.9"
"Amazon Prime","Movie","The Informer",2019,"Mystery & thriller","Mystery & thriller",".63",".61","0.62"
"Amazon Prime","Movie","Get Out",2017,"Horror","Horror",".98",".86","0.92"
"Amazon Prime","Movie","The Nice Guys",2016,"Action","Action",".91",".79","0.85"
"Amazon Prime","Movie","House of Gucci",2021,"Drama","Drama",".62",".83","0.72"
"Amazon Prime","Movie","Last Night in Soho",2021,"Mystery & thriller","Mystery & thriller",".76",".90","0.83"
"Amazon Prime","Movie","Tenet",2020,"Action","Action",".69",".76","0.72"
"Amazon Prime","Movie","The Outfit",2022,"Mystery & thriller","Mystery & thriller",".84",".92","0.88"
"Amazon Prime","Movie","Us",2019,"Horror","Horror",".93",".60","0.76"
"Amazon Prime","Movie","Sonic the Hedgehog 2",2022,"Kids & family","Kids & family",".69",".96","0.82"
"Amazon Prime","Movie","Interstellar",2014,"Sci-fi","Sci-fi",".73",".86","0.8"
"Amazon Prime","Movie","Ambulance",2022,"Action","Action",".68",".88","0.78"
"Amazon Prime","Movie","Nobody",2021,"Action","Action",".84",".94","0.89"
"Amazon Prime","Movie","Avengers: Endgame",2019,"Action","Action",".94",".90","0.92"
"Amazon Prime","Movie","The Bad Guys",2022,"Kids & family","Kids & family",".88",".93","0.9"
"Amazon Prime","Movie","Dune",2021,"Sci-fi","Sci-fi",".83",".90","0.86"
"Amazon Prime","Movie","Joker",2019,"Crime","Crime",".68",".88","0.78"
"Amazon Prime","Movie","The Gentlemen",2020,"Crime","Crime",".75",".84","0.8"
"Amazon Prime","Movie","Thor: The Dark World",2013,"Action","Action",".66",".75","0.7"
"Amazon Prime","Movie","Grease",1978,"Musical","Musical",".76",".87","0.82"
"Amazon Prime","Movie","Blade Runner 2049",2017,"Sci-fi","Sci-fi",".88",".81","0.84"
"Amazon Prime","Movie","No Time to Die",2021,"Action","Action",".83",".88","0.86"
"Amazon Prime","Movie","Hereditary",2018,"Horror","Horror",".90",".68","0.79"
"Amazon Prime","Movie","Nightmare Alley",2021,"Mystery & thriller","Mystery & thriller",".80",".68","0.74"
"Amazon Prime","Movie","Whiplash",2014,"Drama","Drama",".94",".94","0.94"
"Amazon Prime","Movie","Shang-Chi and the Legend of the Ten Rings",2021,"Action","Action",".91",".98","0.94"
"Amazon Prime","Movie","Paddington 2",2017,"Kids & family","Kids & family",".99",".88","0.94"
"Amazon Prime","Movie","Flight",2012,"Drama","Drama",".77",".75","0.76"
"Amazon Prime","Movie","Thor: Ragnarok",2017,"Action","Action",".93",".87","0.9"
"Amazon Prime","Movie","Midsommar",2019,"Horror","Horror",".83",".63","0.73"
"Amazon Prime","Movie","The Suicide Squad",2021,"Action","Action",".90",".82","0.86"
"Amazon Prime","Movie","Pig",2021,"Drama","Drama",".97",".84","0.9"
"Amazon Prime","Movie","The Matrix Resurrections",2021,"Sci-fi","Sci-fi",".63",".63","0.63"
"Amazon Prime","Movie","Ghostbusters: Afterlife",2021,"Comedy","Comedy",".63",".94","0.78"
"Amazon Prime","Movie","Turning Red",2022,"Kids & family","Kids & family",".95",".72","0.84"
"Amazon Prime","Movie","Candyman",2021,"Horror","Horror",".84",".72","0.78"
"Amazon Prime","Movie","Free Guy",2021,"Action","Action",".80",".94","0.87"
"Amazon Prime","Movie","It Follows",2014,"Horror","Horror",".96",".66","0.81"
"Amazon Prime","Movie","American Psycho",2000,"Horror","Horror",".69",".85","0.77"
"Amazon Prime","Movie","Ex Machina",2014,"Sci-fi","Sci-fi",".92",".86","0.89"
"Amazon Prime","Movie","Mr. Malcolm's List",2022,"Romance","Romance",".82",".82","0.82"
"Amazon Prime","Movie","Once Upon a Time... In Hollywood",2019,"Comedy","Comedy",".85",".70","0.77"
"Amazon Prime","Movie","Eyes Wide Shut",1999,"Drama","Drama",".76",".74","0.75"
"Amazon Prime","Movie","The Dark Knight",2008,"Action","Action",".94",".94","0.94"
"Amazon Prime","Movie","Forrest Gump",1994,"Comedy","Comedy",".71",".95","0.83"
"Amazon Prime","Movie","The Talented Mr. Ripley",1999,"Crime","Crime",".84",".80","0.82"
"Amazon Prime","Movie","Avengers: Infinity War",2018,"Action","Action",".85",".91","0.88"
"Amazon Prime","Movie","Fight Club",1999,"Mystery & thriller","Mystery & thriller",".79",".96","0.88"
"Amazon Prime","Movie","The Shawshank Redemption",1994,"Drama","Drama",".91",".98","0.94"
"Amazon Prime","Movie","Heat",1995,"Crime","Crime",".88",".94","0.91"
"Amazon Prime","Movie","Seven",1995,"Mystery & thriller","Mystery & thriller",".82",".95","0.88"
"Amazon Prime","Movie","10 Cloverfield Lane",2016,"Mystery & thriller","Mystery & thriller",".90",".79","0.84"
"Amazon Prime","Movie","The Outpost",2019,"War","War",".92",".82","0.87"
"Amazon Prime","Movie","Black Panther",2018,"Action","Action",".96",".79","0.88"
"Amazon Prime","Movie","Thor",2011,"Action","Action",".77",".76","0.76"
"Amazon Prime","Movie","Avatar",2009,"Sci-fi","Sci-fi",".82",".82","0.82"
"Amazon Prime","Movie","Wrath of Man",2021,"Action","Action",".66",".90","0.78"
"Amazon Prime","Movie","Spree",2020,"Mystery & thriller","Mystery & thriller",".67",".61","0.64"
"Amazon Prime","Movie","John Wick",2014,"Action","Action",".86",".81","0.84"
"Amazon Prime","Movie","A Most Violent Year",2014,"Crime","Crime",".90",".69","0.8"
"Amazon Prime","Movie","The Godfather",1972,"Crime","Crime",".97",".98","0.98"
"Amazon Prime","Movie","Alien",1979,"Sci-fi","Sci-fi",".98",".94","0.96"
"Amazon Prime","Movie","Knives Out",2019,"Mystery & thriller","Mystery & thriller",".97",".92","0.94"
"Amazon Prime","Movie","The Terminator",1984,"Sci-fi","Sci-fi","1",".89","0.94"
"Amazon Prime","Movie","Wind River",2017,"Mystery & thriller","Mystery & thriller",".87",".90","0.88"
"Amazon Prime","Movie","The Invitation",2015,"Mystery & thriller","Mystery & thriller",".89",".69","0.79"
"Amazon Prime","Movie","Love and Monsters",2020,"Fantasy","Fantasy",".94",".89","0.92"
"Amazon Prime","Movie","Let Him Go",2020,"Drama","Drama",".84",".76","0.8"
"Amazon Prime","Movie","Black Widow",2021,"Action","Action",".79",".91","0.85"
"Amazon Prime","Movie","Jurassic World",2015,"Adventure","Adventure",".71",".78","0.74"
"Amazon Prime","Movie","The Last Duel",2021,"History","History",".85",".81","0.83"
"Amazon Prime","Movie","John Wick: Chapter 3 -- Parabellum",2019,"Action","Action",".89",".86","0.88"
"Amazon Prime","Movie","Titanic",1997,"History","History",".87",".69","0.78"
"Amazon Prime","Movie","Beast",2017,"Mystery & thriller","Mystery & thriller",".92",".74","0.83"
"Amazon Prime","Movie","Margin Call",2011,"Drama","Drama",".87",".74","0.8"
"Amazon Prime","Movie","Apocalypse Now",1979,"War","War",".98",".94","0.96"
"Amazon Prime","Movie","Aliens",1986,"Sci-fi","Sci-fi",".98",".94","0.96"
"Amazon Prime","Movie","Pulp Fiction",1994,"Crime","Crime",".92",".96","0.94"
"Amazon Prime","Movie","Logan",2017,"Action","Action",".94",".90","0.92"
"Amazon Prime","Movie","The Night House",2020,"Horror","Horror",".87",".69","0.78"
"Amazon Prime","Movie","Enemy",2013,"Mystery & thriller","Mystery & thriller",".71",".64","0.68"
"Amazon Prime","Movie","Nocturnal Animals",2016,"Mystery & thriller","Mystery & thriller",".74",".73","0.74"
"Amazon Prime","Movie","Demon Slayer -Kimetsu no Yaiba- The Movie: Mugen Train",2020,"Fantasy","Fantasy",".98",".99","0.98"
"Amazon Prime","Movie","Nightcrawler",2014,"Mystery & thriller","Mystery & thriller",".95",".86","0.9"
"Amazon Prime","Movie","Spider-Man: Into the Spider-Verse",2018,"Kids & family","Kids & family",".97",".93","0.95"
"Amazon Prime","Movie","Shutter Island",2010,"Mystery & thriller","Mystery & thriller",".68",".77","0.73"
"Amazon Prime","Movie","Harry Potter and the Sorcerer's Stone",2001,"Kids & family","Kids & family",".81",".82","0.82"
"Amazon Prime","Movie","Taxi Driver",1976,"Drama","Drama",".96",".93","0.94"
"Amazon Prime","Movie","Inception",2010,"Sci-fi","Sci-fi",".87",".91","0.89"
"Amazon Prime","Movie","The Town",2010,"Crime","Crime",".92",".85","0.88"
"Amazon Prime","Movie","It",2017,"Horror","Horror",".86",".84","0.85"
"Amazon Prime","Movie","Prisoners",2013,"Mystery & thriller","Mystery & thriller",".81",".87","0.84"
"Amazon Prime","Movie","Spider-Man: Far From Home",2019,"Action","Action",".90",".95","0.92"
"Amazon Prime","Movie","Downton Abbey: A New Era",2022,"Drama","Drama",".86",".97","0.92"
"Amazon Prime","Movie","All My Friends Hate Me",2021,"Comedy","Comedy",".89",".66","0.78"
"Amazon Prime","Movie","The Departed",2006,"Crime","Crime",".90",".94","0.92"
"Amazon Prime","Movie","Marry Me",2022,"Romance","Romance",".61",".92","0.76"
"Amazon Prime","Movie","Source Code",2011,"Mystery & thriller","Mystery & thriller",".92",".82","0.87"
"Amazon Prime","Movie","West Side Story",2021,"Musical","Musical",".91",".93","0.92"
"Amazon Prime","Movie","Freaks",2018,"Sci-fi","Sci-fi",".88",".86","0.87"
"Amazon Prime","Movie","Jojo Rabbit",2019,"Comedy","Comedy",".80",".94","0.87"
"Amazon Prime","Movie","The Father",2020,"Drama","Drama",".98",".92","0.95"
"Amazon Prime","Movie","The Invisible Man",2020,"Horror","Horror",".92",".88","0.9"
"Amazon Prime","Movie","A Quiet Place Part II",2021,"Horror","Horror",".91",".92","0.92"
"Amazon Prime","Movie","Spider-Man",2002,"Action","Action",".90",".67","0.78"
"Amazon Prime","Movie","Encanto",2021,"Kids & family","Kids & family",".91",".93","0.92"
"Amazon Prime","Movie","The Lord of the Rings: The Fellowship of the Ring",2001,"Fantasy","Fantasy",".91",".95","0.93"
"Amazon Prime","Movie","1917",2019,"War","War",".88",".88","0.88"
"Amazon Prime","Movie","Drive",2011,"Crime","Crime",".93",".79","0.86"
"Amazon Prime","Movie","The Lighthouse",2019,"Mystery & thriller","Mystery & thriller",".90",".72","0.81"
"Amazon Prime","Movie","Mad Max: Fury Road",2015,"Action","Action",".97",".86","0.92"
"Amazon Prime","Movie","The Fallout",2021,"Drama","Drama",".93",".82","0.88"
"Amazon Prime","Movie","Phantom Thread",2017,"Drama","Drama",".91",".71","0.81"
"Amazon Prime","Movie","Dunkirk",2017,"War","War",".92",".81","0.86"
"Amazon Prime","Movie","Prometheus",2012,"Sci-fi","Sci-fi",".73",".68","0.7"
"Amazon Prime","Movie","Stillwater",2021,"Drama","Drama",".74",".72","0.73"
"Amazon Prime","Movie","Sundown",2021,"Drama","Drama",".77",".63","0.7"
"Amazon Prime","Movie","Guardians of the Galaxy",2014,"Sci-fi","Sci-fi",".92",".92","0.92"
"Amazon Prime","Movie","The Wolf of Wall Street",2013,"Comedy","Comedy",".79",".83","0.81"
"Amazon Prime","Movie","Sonic the Hedgehog",2020,"Kids & family","Kids & family",".63",".93","0.78"
"Amazon Prime","Movie","Spider-Man 2",2004,"Action","Action",".93",".82","0.88"
"Amazon Prime","Movie","Spider-Man: Homecoming",2017,"Action","Action",".92",".87","0.9"
"Amazon Prime","Movie","Gone Girl",2014,"Mystery & thriller","Mystery & thriller",".87",".87","0.87"
"Amazon Prime","Movie","The Courier",2020,"Mystery & thriller","Mystery & thriller",".85",".95","0.9"
"Amazon Prime","Movie","Emergency",2022,"Comedy","Comedy",".92",".70","0.81"
"Amazon Prime","Movie","Birds of Prey (and the Fantabulous Emancipation of One Harley Quinn)",2020,"Action","Action",".79",".78","0.78"
"Amazon Prime","Movie","Marvel's the Avengers",2012,"Action","Action",".91",".91","0.91"
"Amazon Prime","Movie","The French Dispatch",2021,"Comedy","Comedy",".75",".76","0.76"
"Amazon Prime","Movie","Heist",2001,"Crime","Crime",".67",".60","0.64"
"Amazon Prime","Movie","Toy Story",1995,"Kids & family","Kids & family","1",".92","0.96"
"Amazon Prime","Movie","I Want You Back",2022,"Romance","Romance",".86",".72","0.79"
"Amazon Prime","Movie","Star Wars: The Force Awakens",2015,"Sci-fi","Sci-fi",".93",".85","0.89"
"Amazon Prime","Movie","Sorry to Bother You",2018,"Comedy","Comedy",".93",".70","0.82"
"Amazon Prime","Movie","Mission: Impossible -- Fallout",2018,"Action","Action",".97",".88","0.92"
"Amazon Prime","Movie","Bohemian Rhapsody",2018,"Biography","Biography",".60",".85","0.72"
"Amazon Prime","Movie","No Country for Old Men",2007,"Crime","Crime",".93",".86","0.9"
"Amazon Prime","Movie","Men in Black 3",2012,"Action","Action",".68",".70","0.69"
"Amazon Prime","Movie","Zero Dark Thirty",2012,"Drama","Drama",".91",".80","0.86"
"Netflix","TV Show","The Sandman",2022,"Drama","Drama",".87",".83","0.85"
"Netflix","TV Show","Better Call Saul",2015,"Drama","Drama",".98",".95","0.96"
"Netflix","TV Show","Stranger Things",2016,"Drama","Drama",".91",".90","0.9"
"Netflix","TV Show","Breaking Bad",2008,"Crime","Crime",".96",".97","0.96"
"Netflix","TV Show","Locke & Key",2020,"Drama","Drama",".69",".60","0.64"
"Netflix","TV Show","Never Have I Ever",2020,"Comedy","Comedy",".93",".83","0.88"
"Netflix","TV Show","Peaky Blinders",2013,"History","History",".94",".93","0.94"
"Netflix","TV Show","Arcane: League of Legends",2021,"Adventure","Adventure","1",".96","0.98"
"Netflix","TV Show","Uncoupled",2022,"Romance","Romance",".76",".76","0.76"
"Netflix","TV Show","Heartstopper",2022,"Drama","Drama","1",".97","0.98"
"Netflix","TV Show","The Umbrella Academy",2019,"Action","Action",".86",".76","0.81"
"Netflix","TV Show","Midnight Mass",2021,"Drama","Drama",".86",".77","0.82"
"Netflix","TV Show","Trainwreck: Woodstock '99",2022,"Documentary","Documentary",".94",".79","0.86"
"Netflix","TV Show","Dark",2017,"Mystery thriller","Mystery thriller",".95",".94","0.94"
"Netflix","TV Show","I Just Killed My Dad",2022,"Documentary","Documentary","1",".89","0.94"
"Netflix","TV Show","The Last Kingdom",2015,"History","History",".91",".94","0.92"
"Netflix","TV Show","Ozark",2017,"Drama","Drama",".82",".87","0.84"
"Netflix","TV Show","The Walking Dead",2010,"Drama","Drama",".80",".78","0.79"
"Netflix","TV Show","Borgen",2010,"Drama","Drama","1",".96","0.98"
"Netflix","TV Show","The Witcher",2019,"Drama","Drama",".81",".75","0.78"
"Netflix","TV Show","All of Us Are Dead",2022,"Horror","Horror",".87",".79","0.83"
"Netflix","TV Show","The Lincoln Lawyer",2022,"Drama","Drama",".81",".80","0.8"
"Netflix","TV Show","Lucifer",2016,"Crime","Crime",".88",".73","0.8"
"Netflix","TV Show","Squid Game",2021,"Drama","Drama",".95",".83","0.89"
"Netflix","TV Show","Mindhunter",2017,"Crime","Crime",".97",".95","0.96"
"Netflix","TV Show","The Blacklist",2013,"Crime","Crime",".91",".80","0.86"
"Netflix","TV Show","Sex Education",2019,"Comedy","Comedy",".95",".92","0.94"
"Netflix","TV Show","Money Heist",2017,"Mystery thriller","Mystery thriller",".94",".79","0.86"
"Netflix","TV Show","Archive 81",2022,"Drama","Drama",".86",".73","0.8"
"Netflix","TV Show","The Flash",2014,"Drama","Drama",".89",".63","0.76"
"Netflix","TV Show","Avatar: The Last Airbender",2005,"Kids family","Kids family","1",".98","0.99"
"Netflix","TV Show","The Most Hated Man on the Internet",2022,"Documentary","Documentary",".86",".74","0.8"
"Netflix","TV Show","Hellbound",2021,"Crime","Crime",".97",".69","0.83"
"Netflix","TV Show","Shameless",2010,"Comedy","Comedy",".82",".81","0.82"
"Netflix","TV Show","You",2018,"Drama","Drama",".91",".76","0.84"
"Netflix","TV Show","Cobra Kai",2018,"Comedy","Comedy",".93",".92","0.92"
"Netflix","TV Show","Outlander",2014,"Drama","Drama",".89",".86","0.88"
"Netflix","TV Show","Attack on Titan",2013,"Adventure","Adventure",".96",".95","0.96"
"Netflix","TV Show","Love, Death + Robots",2019,"Comedy","Comedy",".85",".79","0.82"
"Netflix","TV Show","The 100",2014,"Drama","Drama",".93",".66","0.8"
"Netflix","TV Show","Outer Banks",2020,"Drama","Drama",".78",".80","0.79"
"Netflix","TV Show","Black Mirror",2011,"Sci fi","Sci fi",".84",".83","0.84"
"Netflix","TV Show","Bridgerton",2020,"Drama","Drama",".82",".76","0.79"
"Netflix","TV Show","The Vampire Diaries",2009,"Drama","Drama",".86",".70","0.78"
"Netflix","TV Show","Russian Doll",2019,"Comedy","Comedy",".97",".78","0.88"
"Netflix","TV Show","Supernatural",2005,"Drama","Drama",".93",".75","0.84"
"Netflix","TV Show","The Stranger",2020,"Crime","Crime",".83",".72","0.77"
"Netflix","TV Show","The Haunting of Hill House",2018,"Drama","Drama",".93",".91","0.92"
"Netflix","TV Show","The Chestnut Man",2021,"Drama","Drama","1",".80","0.9"
"Netflix","TV Show","Unbelievable",2019,"Crime","Crime",".98",".89","0.94"
"Netflix","TV Show","Shadow and Bone",2021,"Drama","Drama",".88",".88","0.88"
"Netflix","TV Show","BoJack Horseman",2014,"Comedy","Comedy",".93",".95","0.94"
"Netflix","TV Show","Black Summer",2019,"Drama","Drama",".89",".61","0.75"
"Netflix","TV Show","The Sinner",2017,"Crime","Crime",".89",".73","0.81"
"Netflix","TV Show","Narcos",2015,"Crime","Crime",".89",".95","0.92"
"Netflix","TV Show","Bombay Begums",2021,"Drama","Drama",".80",".73","0.76"
"Netflix","TV Show","Community",2009,"Comedy","Comedy",".88",".88","0.88"
"Netflix","TV Show","Top Boy",2011,"Drama","Drama",".95",".88","0.92"
"Netflix","TV Show","After Life",2019,"Comedy","Comedy",".69",".86","0.77"
"Netflix","TV Show","Godless",2017,"Western","Western",".83",".85","0.84"
"Netflix","TV Show","The Order",2019,"Drama","Drama","1",".73","0.86"
"Netflix","TV Show","The Good Place",2016,"Comedy","Comedy",".97",".89","0.93"
"Netflix","TV Show","The Queen's Gambit",2020,"Drama","Drama",".96",".94","0.95"
"Netflix","TV Show","In From the Cold",2022,"Mystery thriller","Mystery thriller",".71",".65","0.68"
"Netflix","TV Show","House of Cards",2013,"Drama","Drama",".77",".76","0.76"
"Netflix","TV Show","Jurassic World: Camp Cretaceous",2020,"Kids family","Kids family",".92",".77","0.84"
"Netflix","TV Show","Lost in Space",2018,"Sci fi","Sci fi",".84",".78","0.81"
"Netflix","TV Show","Green Frontier",2019,"Crime","Crime","1","1","1"
"Netflix","TV Show","The OA",2016,"Mystery thriller","Mystery thriller",".84",".84","0.84"
"Netflix","TV Show","Arrested Development",2003,"Comedy","Comedy",".74",".85","0.8"
"Netflix","TV Show","The End of the F...ing World",2017,"Comedy","Comedy",".94",".92","0.93"
"Netflix","TV Show","Schitt's Creek",2015,"Comedy","Comedy",".93",".91","0.92"
"Netflix","TV Show","Grey's Anatomy",2005,"Drama","Drama",".84",".75","0.8"
"Netflix","TV Show","How to Get Away With Murder",2014,"Drama","Drama",".88",".86","0.87"
"Netflix","TV Show","Feel Good",2020,"Comedy","Comedy","1",".90","0.95"
"Netflix","TV Show","Safe",2018,"Drama","Drama",".71",".76","0.74"
"Netflix","TV Show","Alias Grace",2017,"History","History",".99",".88","0.94"
"Netflix","TV Show","Longmire",2012,"Crime","Crime",".88",".92","0.9"
"Netflix","TV Show","Ginny & Georgia",2021,"Drama","Drama",".68",".68","0.68"
"Netflix","TV Show","The Crown",2016,"Drama","Drama",".90",".91","0.9"
"Netflix","TV Show","Fauda",2016,"Crime","Crime","1",".90","0.95"
"Netflix","TV Show","Elite",2018,"Crime","Crime",".97",".75","0.86"
"Netflix","TV Show","Altered Carbon",2018,"Sci fi","Sci fi",".75",".64","0.7"
"Netflix","TV Show","Castlevania",2017,"Action","Action",".94",".89","0.92"
"Netflix","TV Show","Keep Sweet: Pray and Obey",2022,"Documentary","Documentary",".91",".92","0.92"
"Netflix","TV Show","Tuca & Bertie",2019,"Comedy","Comedy",".99",".77","0.88"
"Netflix","TV Show","Bodyguard",2018,"Drama","Drama",".93",".84","0.88"
"Netflix","TV Show","Seven Seconds",2018,"Drama","Drama",".78",".84","0.81"
"Netflix","TV Show","Jane The Virgin",2014,"Drama","Drama","1",".85","0.92"
"Netflix","TV Show","Sense8",2015,"Drama","Drama",".86",".90","0.88"
"Netflix","TV Show","Murderville",2022,"Mystery thriller","Mystery thriller",".74",".77","0.76"
"Netflix","TV Show","Big Mouth",2017,"Comedy","Comedy",".99",".77","0.88"
"Netflix","TV Show","Orange Is the New Black",2013,"Comedy","Comedy",".90",".82","0.86"
"Netflix","TV Show","Lupin",2021,"Drama","Drama",".97",".78","0.88"
"Netflix","TV Show","How to Change Your Mind",2022,"Documentary","Documentary","1",".75","0.88"
"Netflix","TV Show","Seinfeld",1989,"Comedy","Comedy",".89",".92","0.9"
"Netflix","TV Show","New Girl",2011,"Comedy","Comedy",".95",".84","0.9"
"Netflix","TV Show","Roswell, New Mexico",2019,"Drama","Drama",".77",".71","0.74"
"Netflix","TV Show","Gotham",2014,"Drama","Drama",".77",".67","0.72"
"Netflix","TV Show","Friday Night Lights",2006,"Drama","Drama",".97",".93","0.95"
"Netflix","TV Show","Giri/Haji",2019,"Crime","Crime","1",".88","0.94"
"Netflix","TV Show","Arrow",2012,"Drama","Drama",".86",".62","0.74"
"Netflix","TV Show","The Baby-Sitters Club",2020,"Kids family","Kids family","1",".80","0.9"
"Netflix","TV Show","The Haunting of Bly Manor",2020,"Drama","Drama",".88",".65","0.76"
"Netflix","TV Show","Kingdom",2019,"Horror","Horror",".96",".91","0.94"
"Netflix","TV Show","Bloodline",2015,"Drama","Drama",".62",".74","0.68"
"Netflix","TV Show","Easy",2016,"Comedy","Comedy",".90",".85","0.88"
"Netflix","TV Show","Derry Girls",2018,"Comedy","Comedy",".99",".93","0.96"
"Netflix","TV Show","Glitch",2015,"Drama","Drama",".80",".62","0.71"
"Netflix","TV Show","Narcos: Mexico",2018,"Crime","Crime",".90",".83","0.86"
"Netflix","TV Show","Love",2016,"Comedy","Comedy",".94",".87","0.9"
"Netflix","TV Show","Dirty Money",2018,"Documentary","Documentary","1",".91","0.96"
"Netflix","TV Show","Sweet Tooth",2021,"Fantasy","Fantasy",".97",".87","0.92"
"Netflix","TV Show","Blood of Zeus",2020,"Adventure","Adventure","1",".84","0.92"
"Netflix","TV Show","Clark",2022,"Action","Action",".80",".92","0.86"
"Netflix","TV Show","The Legend of Korra",2012,"Kids family","Kids family",".89",".79","0.84"
"Netflix","TV Show","My Name",2021,"Drama","Drama","1",".93","0.97"
"Netflix","TV Show","American Vandal",2017,"Comedy","Comedy",".98",".84","0.91"
"Netflix","TV Show","Dead to Me",2019,"Comedy","Comedy",".90",".89","0.9"
"Netflix","TV Show","Gilmore Girls",2000,"Comedy","Comedy",".86",".86","0.86"
"Netflix","TV Show","Chilling Adventures of Sabrina",2018,"Drama","Drama",".81",".71","0.76"
"Netflix","TV Show","Maniac",2018,"Comedy","Comedy",".84",".84","0.84"
"Netflix","TV Show","The Originals",2013,"Drama","Drama",".84",".69","0.76"
"Netflix","TV Show","The Staircase",2005,"Documentary","Documentary",".94",".82","0.88"
"Netflix","TV Show","The Innocent",2021,"Drama","Drama","1",".89","0.94"
"Netflix","TV Show","Ash vs Evil Dead",2015,"Horror","Horror",".99",".94","0.96"
"Netflix","TV Show","The Silent Sea",2021,"Sci fi","Sci fi",".73",".69","0.71"
"Netflix","TV Show","The Society",2019,"Drama","Drama",".86",".81","0.84"
"Netflix","TV Show","Death Note",2006,"Crime","Crime","1",".96","0.98"
"Netflix","TV Show","Alice in Borderland",2020,"Sci fi","Sci fi",".71",".91","0.81"
"Netflix","TV Show","The Cuphead Show!",2022,"Kids family","Kids family",".69",".76","0.72"
"Netflix","TV Show","One Day at a Time",2017,"Comedy","Comedy",".99",".89","0.94"
"Netflix","TV Show","I Am Not Okay With This",2020,"Comedy","Comedy",".86",".85","0.86"
"Netflix","TV Show","Hit & Run",2021,"Drama","Drama",".82",".70","0.76"
"Netflix","TV Show","Santa Clarita Diet",2017,"Comedy","Comedy",".89",".94","0.92"
"Netflix","TV Show","Dark Tourist",2018,"Documentary","Documentary",".70",".69","0.7"
"Netflix","TV Show","The Serpent",2021,"Crime","Crime",".68",".79","0.74"
"Netflix","TV Show","Space Force",2020,"Comedy","Comedy",".60",".77","0.68"
"Netflix","TV Show","The Magicians",2015,"Drama","Drama",".91",".73","0.82"
"Netflix","TV Show","Inside Job",2021,"Sci fi","Sci fi",".79",".89","0.84"
"Netflix","TV Show","Sweet Magnolias",2020,"Drama","Drama",".78",".72","0.75"
"Netflix","TV Show","When They See Us",2019,"Drama","Drama",".97",".90","0.94"
"Netflix","TV Show","Wild Wild Country",2018,"Documentary","Documentary",".98",".87","0.92"
"Netflix","TV Show","Grace and Frankie",2016,"Comedy","Comedy",".90",".85","0.88"
"Netflix","TV Show","Living With Yourself",2019,"Comedy","Comedy",".80",".82","0.81"
"Netflix","TV Show","Intimacy",2022,"Action","Action",".88",".62","0.75"
"Netflix","TV Show","Unbreakable Kimmy Schmidt",2015,"Comedy","Comedy",".96",".83","0.9"
"Netflix","TV Show","Making a Murderer",2015,"Documentary","Documentary",".80",".97","0.88"
"Netflix","TV Show","The Spectacular Spider-Man",2008,"Kids family","Kids family","1",".95","0.98"
"Netflix","TV Show","Katla",2021,"Mystery thriller","Mystery thriller","1",".80","0.9"
"Netflix","Movie","The Sea Beast",2022,"Kids & family","Kids & family",".94",".85","0.9"
"Netflix","Movie","Wedding Season",2022,"Romance","Romance",".83",".72","0.77"
"Netflix","Movie","Rise of the Teenage Mutant Ninja Turtles: The Movie",2022,"Kids & family","Kids & family",".78",".94","0.86"
"Netflix","Movie","Leave No Trace",2018,"Drama","Drama","1",".80","0.9"
"Netflix","Movie","Hustle",2022,"Drama","Drama",".93",".93","0.93"
"Netflix","Movie","The Informer",2019,"Mystery & thriller","Mystery & thriller",".63",".61","0.62"
"Netflix","Movie","The Nice Guys",2016,"Action","Action",".91",".79","0.85"
"Netflix","Movie","The Harder They Fall",2021,"Western","Western",".88",".93","0.9"
"Netflix","Movie","The Power of the Dog",2021,"Western","Western",".94",".76","0.85"
"Netflix","Movie","Operation Mincemeat",2021,"War","War",".84",".65","0.74"
"Netflix","Movie","The Gentlemen",2020,"Crime","Crime",".75",".84","0.8"
"Netflix","Movie","Blade Runner 2049",2017,"Sci-fi","Sci-fi",".88",".81","0.84"
"Netflix","Movie","El Camino: A Breaking Bad Movie",2019,"Crime","Crime",".92",".81","0.86"
"Netflix","Movie","His House",2020,"Horror","Horror","1",".74","0.87"
"Netflix","Movie","Flight",2012,"Drama","Drama",".77",".75","0.76"
"Netflix","Movie","The Adam Project",2022,"Sci-fi","Sci-fi",".67",".74","0.7"
"Netflix","Movie","It Follows",2014,"Horror","Horror",".96",".66","0.81"
"Netflix","Movie","Eyes Wide Shut",1999,"Drama","Drama",".76",".74","0.75"
"Netflix","Movie","Darlings",2022,"Comedy","Comedy",".71",".69","0.7"
"Netflix","Movie","The Talented Mr. Ripley",1999,"Crime","Crime",".84",".80","0.82"
"Netflix","Movie","Seven",1995,"Mystery & thriller","Mystery & thriller",".82",".95","0.88"
"Netflix","Movie","The Outpost",2019,"War","War",".92",".82","0.87"
"Netflix","Movie","Wind River",2017,"Mystery & thriller","Mystery & thriller",".87",".90","0.88"
"Netflix","Movie","Titanic",1997,"History","History",".87",".69","0.78"
"Netflix","Movie","Margin Call",2011,"Drama","Drama",".87",".74","0.8"
"Netflix","Movie","Nocturnal Animals",2016,"Mystery & thriller","Mystery & thriller",".74",".73","0.74"
"Netflix","Movie","Nightcrawler",2014,"Mystery & thriller","Mystery & thriller",".95",".86","0.9"
"Netflix","Movie","Taxi Driver",1976,"Drama","Drama",".96",".93","0.94"
"Netflix","Movie","The Town",2010,"Crime","Crime",".92",".85","0.88"
"Netflix","Movie","It",2017,"Horror","Horror",".86",".84","0.85"
"Netflix","Movie","The Departed",2006,"Crime","Crime",".90",".94","0.92"
"Netflix","Movie","Freaks",2018,"Sci-fi","Sci-fi",".88",".86","0.87"
"Netflix","Movie","Spider-Man",2002,"Action","Action",".90",".67","0.78"
"Netflix","Movie","Enola Holmes",2020,"Mystery & thriller","Mystery & thriller",".91",".70","0.8"
"Netflix","Movie","Phantom Thread",2017,"Drama","Drama",".91",".71","0.81"
"Netflix","Movie","Dunkirk",2017,"War","War",".92",".81","0.86"
"Netflix","Movie","Goodfellas",1990,"Crime","Crime",".96",".97","0.96"
"Netflix","Movie","Spider-Man 2",2004,"Action","Action",".93",".82","0.88"
"Netflix","Movie","Sorry to Bother You",2018,"Comedy","Comedy",".93",".70","0.82"
"Netflix","Movie","The Devil All the Time",2020,"Crime","Crime",".64",".79","0.72"
"Netflix","Movie","Men in Black 3",2012,"Action","Action",".68",".70","0.69"
"Netflix","Movie","The Irishman",2019,"Crime","Crime",".95",".86","0.9"
"Netflix","Movie","Zero Dark Thirty",2012,"Drama","Drama",".91",".80","0.86"
"Netflix","Movie","Synchronic",2019,"Sci-fi","Sci-fi",".79",".76","0.78"
"Netflix","Movie","Creep",2014,"Horror","Horror",".90",".65","0.78"
"Netflix","Movie","The Conjuring",2013,"Horror","Horror",".86",".83","0.84"
"Netflix","Movie","Hell or High Water",2016,"Crime","Crime",".97",".88","0.92"
"Netflix","Movie","The Dark Knight Rises",2012,"Action","Action",".87",".90","0.88"
"Netflix","Movie","Insidious",2010,"Horror","Horror",".66",".62","0.64"
"Netflix","Movie","Catch Me if You Can",2002,"Comedy","Comedy",".96",".89","0.92"
"Netflix","Movie","Skyfall",2012,"Action","Action",".92",".86","0.89"
"Netflix","Movie","Tick, Tick... Boom!",2021,"Musical","Musical",".87",".96","0.92"
"Netflix","Movie","The King",2019,"History","History",".70",".83","0.76"
"Netflix","Movie","Men in Black",1997,"Action","Action",".92",".79","0.86"
"Netflix","Movie","The Nightingale",2018,"Mystery & thriller","Mystery & thriller",".86",".73","0.8"
"Netflix","Movie","Boogie Nights",1997,"Drama","Drama",".93",".89","0.91"
"Netflix","Movie","War Dogs",2016,"Comedy","Comedy",".61",".69","0.65"
"Netflix","Movie","The Old Guard",2020,"Action","Action",".80",".70","0.75"
"Netflix","Movie","Crazy, Stupid, Love.",2011,"Romance","Romance",".79",".78","0.78"
"Netflix","Movie","Set It Up",2018,"Romance","Romance",".92",".67","0.8"
"Netflix","Movie","Road to Perdition",2002,"Crime","Crime",".81",".86","0.84"
"Netflix","Movie","The Hunt for Red October",1990,"Mystery & thriller","Mystery & thriller",".88",".88","0.88"
"Netflix","Movie","Extraction",2020,"Action","Action",".67",".70","0.68"
"Netflix","Movie","Hunt for the Wilderpeople",2016,"Comedy","Comedy",".97",".91","0.94"
"Netflix","Movie","Mission: Impossible -- Ghost Protocol",2011,"Action","Action",".93",".76","0.84"
"Netflix","Movie","The Mist",2007,"Horror","Horror",".72",".65","0.68"
"Netflix","Movie","Once Upon a Time in America",1984,"Crime","Crime",".87",".93","0.9"
"Netflix","Movie","Yes, God, Yes",2019,"Comedy","Comedy",".93",".66","0.8"
"Netflix","Movie","Hush",2016,"Horror","Horror",".93",".73","0.83"
"Netflix","Movie","Starship Troopers",1997,"Sci-fi","Sci-fi",".66",".70","0.68"
"Netflix","Movie","The Amazing Spider-Man",2012,"Action","Action",".72",".77","0.74"
"Netflix","Movie","Casino Royale",2006,"Action","Action",".94",".90","0.92"
"Netflix","Movie","Michael Clayton",2007,"Drama","Drama",".91",".69","0.8"
"Netflix","Movie","The Gift",2015,"Mystery & thriller","Mystery & thriller",".91",".75","0.83"
"Netflix","Movie","A Call to Spy",2019,"History","History",".73",".78","0.76"
"Netflix","Movie","The Hateful Eight",2015,"Western","Western",".74",".76","0.75"
"Netflix","Movie","Paddington",2014,"Kids & family","Kids & family",".97",".80","0.88"
"Netflix","Movie","Raw",2016,"Horror","Horror",".93",".76","0.84"
"Netflix","Movie","Army of Thieves",2021,"Action","Action",".68",".70","0.69"
"Netflix","Movie","Snatch",2000,"Comedy","Comedy",".74",".93","0.84"
"Netflix","Movie","The Mitchells vs. the Machines",2021,"Kids & family","Kids & family",".97",".89","0.93"
"Netflix","Movie","Molly's Game",2017,"Biography","Biography",".82",".84","0.83"
"Netflix","Movie","Gerald's Game",2017,"Horror","Horror",".91",".70","0.8"
"Netflix","Movie","Fear Street Part One: 1994",2021,"Horror","Horror",".84",".62","0.73"
"Netflix","Movie","Mean Girls",2004,"Comedy","Comedy",".84",".66","0.75"
"Netflix","Movie","Munich: The Edge of War",2021,"Biography","Biography",".86",".77","0.82"
"Netflix","Movie","Full Metal Jacket",1987,"War","War",".90",".94","0.92"
"Netflix","Movie","The Terminal",2004,"Comedy","Comedy",".61",".74","0.68"
"Netflix","Movie","Vice",2018,"Biography","Biography",".65",".60","0.62"
"Netflix","Movie","The Imitation Game",2014,"History","History",".90",".91","0.9"
"Netflix","Movie","Marriage Story",2019,"Comedy","Comedy",".94",".85","0.9"
"Netflix","Movie","Mission: Impossible",1996,"Action","Action",".66",".71","0.68"
"Netflix","Movie","Fatherhood",2021,"Comedy","Comedy",".66",".70","0.68"
"Netflix","Movie","Argo",2012,"History","History",".96",".90","0.93"
"Netflix","Movie","Donnie Brasco",1997,"Crime","Crime",".88",".89","0.88"
"Netflix","Movie","The Hurt Locker",2008,"War","War",".97",".84","0.9"
"Netflix","Movie","The Call",2020,"Mystery & thriller","Mystery & thriller","1",".79","0.9"
"Netflix","Movie","Blue Jasmine",2013,"Drama","Drama",".91",".77","0.84"
"Netflix","Movie","The Ritual",2017,"Horror","Horror",".74",".61","0.68"
"Netflix","Movie","Army Of The Dead",2021,"Horror","Horror",".67",".75","0.71"
"Netflix","Movie","Creep 2",2017,"Horror","Horror","1",".71","0.86"
"Netflix","Movie","Philomena",2013,"Drama","Drama",".91",".89","0.9"
"Netflix","Movie","The Ballad of Buster Scruggs",2018,"Western","Western",".89",".77","0.83"
"Netflix","Movie","Wanted",2008,"Action","Action",".71",".69","0.7"
"Netflix","Movie","Scary Stories to Tell in the Dark",2019,"Horror","Horror",".77",".72","0.74"
"Netflix","Movie","Gattaca",1997,"Sci-fi","Sci-fi",".81",".87","0.84"
"Netflix","Movie","Under the Shadow",2016,"Horror","Horror",".99",".73","0.86"
"Netflix","Movie","Ferris Bueller's Day Off",1986,"Comedy","Comedy",".81",".92","0.86"
"Netflix","Movie","Rush",2013,"Drama","Drama",".89",".88","0.88"
"Netflix","Movie","The Pursuit of Happyness",2006,"Drama","Drama",".67",".87","0.77"
"Netflix","Movie","Darkest Hour",2017,"History","History",".84",".82","0.83"
"Netflix","Movie","The Alpinist",2021,"Documentary","Documentary",".93",".97","0.95"
"Netflix","Movie","The Other Guys",2010,"Comedy","Comedy",".78",".60","0.69"
"Netflix","Movie","The Fighter",2010,"Drama","Drama",".91",".89","0.9"
"Netflix","Movie","The Conjuring 2",2016,"Horror","Horror",".80",".81","0.8"
"Netflix","Movie","Contagion",2011,"Mystery & thriller","Mystery & thriller",".85",".63","0.74"
"Netflix","Movie","August: Osage County",2013,"Comedy","Comedy",".67",".65","0.66"
"Netflix","Movie","Identity",2003,"Mystery & thriller","Mystery & thriller",".63",".75","0.69"
"Netflix","Movie","A River Runs Through It",1992,"Drama","Drama",".80",".83","0.82"
"Netflix","Movie","A Nightmare on Elm Street",1984,"Horror","Horror",".95",".84","0.9"
"Netflix","Movie","The Foreigner",2017,"Action","Action",".66",".72","0.69"
"Netflix","Movie","Steel Magnolias",1989,"Comedy","Comedy",".68",".89","0.78"
"Netflix","Movie","When Harry Met Sally...",1989,"Romance","Romance",".91",".89","0.9"
"Netflix","Movie","Anchorman: The Legend of Ron Burgundy",2004,"Comedy","Comedy",".67",".86","0.76"
"Netflix","Movie","St. Vincent",2014,"Comedy","Comedy",".77",".78","0.78"
"Netflix","Movie","Bridget Jones's Diary",2001,"Romance","Romance",".80",".81","0.8"
"Netflix","Movie","Rescued by Ruby",2022,"Drama","Drama","1",".89","0.94"
"Netflix","Movie","Blood Diamond",2006,"Adventure","Adventure",".63",".90","0.76"
"Netflix","Movie","Passing",2021,"Drama","Drama",".90",".85","0.88"
"Netflix","Movie","The White Tiger",2021,"Drama","Drama",".91",".80","0.86"
"Netflix","Movie","Deliverance",1972,"Adventure","Adventure",".89",".82","0.86"
"Netflix","Movie","Mank",2020,"Biography","Biography",".83",".60","0.72"
"Netflix","Movie","Monster",2003,"Biography","Biography",".81",".81","0.81"
"Netflix","Movie","Worth",2020,"Drama","Drama",".81",".77","0.79"
"Netflix","Movie","The Paper Tigers",2020,"Action","Action",".98",".93","0.96"
"Netflix","Movie","Big Fish",2003,"Drama","Drama",".75",".89","0.82"
"Netflix","Movie","Vivo",2021,"Kids & family","Kids & family",".86",".72","0.79"
"Netflix","Movie","Beasts of No Nation",2015,"War","War",".91",".92","0.92"
"Netflix","Movie","Okja",2017,"Adventure","Adventure",".86",".81","0.84"
"Netflix","Movie","Fear Street Part Two: 1978",2021,"Horror","Horror",".88",".80","0.84"
"Netflix","Movie","The Tinder Swindler",2022,"Documentary","Documentary",".97",".80","0.88"
"Netflix","Movie","A Monster Calls",2016,"Fantasy","Fantasy",".86",".81","0.84"
"Netflix","Movie","To All the Boys I've Loved Before",2018,"Romance","Romance",".96",".85","0.9"
"Netflix","Movie","Awakenings",1990,"Drama","Drama",".89",".89","0.89"
"Netflix","Movie","The Half of It",2020,"Romance","Romance",".97",".81","0.89"
"Netflix","Movie","#Alive",2020,"Horror","Horror",".88",".62","0.75"
"Netflix","Movie","Sherlock Holmes",2009,"Action","Action",".69",".77","0.73"
"Netflix","Movie","Mudbound",2017,"History","History",".97",".85","0.91"
"Netflix","Movie","Seven Years in Tibet",1997,"Drama","Drama",".60",".73","0.66"
"Netflix","Movie","Kung Fu Panda 3",2016,"Kids & family","Kids & family",".86",".78","0.82"
"Disney+","TV Show","Ms. Marvel",2022,"Drama","Drama",".98",".81","0.9"
"Disney+","TV Show","The Orville",2017,"Comedy","Comedy",".77",".87","0.82"
"Disney+","TV Show","Obi-Wan Kenobi",2022,"Drama","Drama",".77",".65","0.71"
"Disney+","TV Show","Moon Knight",2022,"Mystery thriller","Mystery thriller",".86",".91","0.88"
"Disney+","TV Show","Loki",2021,"Drama","Drama",".92",".91","0.92"
"Disney+","TV Show","WandaVision",2021,"Action","Action",".91",".88","0.9"
"Disney+","TV Show","Hawkeye",2021,"Action","Action",".92",".91","0.92"
"Disney+","TV Show","The Mandalorian",2019,"Drama","Drama",".93",".92","0.92"
"Disney+","TV Show","Marvel's The Punisher",2017,"Drama","Drama",".64",".77","0.7"
"Disney+","TV Show","What If...?",2021,"Action","Action",".94",".94","0.94"
"Disney+","TV Show","The Falcon and the Winter Soldier",2021,"Drama","Drama",".83",".84","0.84"
"Disney+","TV Show","Light & Magic",2022,"Documentary","Documentary","1","1","1"
"Disney+","TV Show","Gravity Falls",2012,"Kids family","Kids family","1",".96","0.98"
"Disney+","TV Show","The Owl House",2020,"Kids family","Kids family","1",".93","0.97"
"Disney+","TV Show","Marvel's Agents of S.H.I.E.L.D.",2013,"Drama","Drama",".95",".91","0.93"
"Disney+","TV Show","Star Wars: The Clone Wars",2008,"Kids family","Kids family",".93",".91","0.92"
"Disney+","TV Show","Marvel - Jessica Jones",2015,"Drama","Drama",".83",".79","0.81"
"Disney+","TV Show","High School Musical: The Musical: The Series",2019,"Drama","Drama",".75",".80","0.78"
"Disney+","TV Show","The Simpsons",1989,"Comedy","Comedy",".85",".75","0.8"
"Disney+","TV Show","Once Upon a Time",2011,"Drama","Drama",".78",".78","0.78"
"Disney+","TV Show","Star Wars Rebels",2014,"Kids family","Kids family",".98",".83","0.9"
"Disney+","TV Show","Star Wars: The Bad Batch",2021,"Sci fi","Sci fi",".85",".81","0.83"
"Disney+","TV Show","Marvel's Runaways",2017,"Drama","Drama",".85",".68","0.76"
"Disney+","TV Show","Love, Victor",2020,"Drama","Drama",".91",".82","0.86"
"Disney+","TV Show","Alias",2001,"Drama","Drama",".86",".88","0.87"
"Disney+","TV Show","Marvel's Agent Carter",2015,"Drama","Drama",".86",".77","0.82"
"Disney+","TV Show","Glee",2009,"Musical","Musical",".70",".71","0.7"
"Disney+","TV Show","The Beatles: Get Back",2021,"Documentary","Documentary",".93",".93","0.93"
"Disney+","TV Show","Star Wars: Visions",2021,"Sci fi","Sci fi",".96",".66","0.81"
"Disney+","TV Show","The Avengers: Earth's Mightiest Heroes!",2010,"Kids family","Kids family","1",".98","0.99"
"Disney+","TV Show","X-Men",1992,"Kids family","Kids family",".85",".96","0.9"
"Disney+","TV Show","Monsters at Work",2021,"Kids family","Kids family",".65",".81","0.73"
"Disney+","TV Show","The Mysterious Benedict Society",2021,"Adventure","Adventure",".86",".84","0.85"
"Disney+","TV Show","Big Shot",2021,"Drama","Drama",".78",".79","0.78"
"Disney+","TV Show","Diary of a Future President",2020,"Comedy","Comedy","1",".85","0.92"
"Disney+","TV Show","Doogie Kamealoha, M.D.",2021,"Comedy","Comedy",".92",".69","0.8"
"Disney+","TV Show","Wolverine and the X-Men",2009,"Kids family","Kids family",".67",".90","0.78"
"Disney+","TV Show","The Mighty Ducks: Game Changers",2021,"Comedy","Comedy",".87",".77","0.82"
"Disney+","TV Show","The World According to Jeff Goldblum",2019,"Documentary","Documentary",".82",".81","0.82"
"Disney+","TV Show","Dinosaurs",1991,"Comedy","Comedy",".91",".69","0.8"
"Disney+","TV Show","The Imagineering Story",2019,"Documentary","Documentary","1",".97","0.98"
"Disney+","TV Show","The Muppets",2015,"Comedy","Comedy",".64",".73","0.68"
"Disney+","TV Show","Once Upon a Time in Wonderland",2013,"Drama","Drama",".63",".66","0.64"
"Disney+","TV Show","The Proud Family: Louder and Prouder",2022,"Kids family","Kids family","1",".70","0.85"
"Disney+","TV Show","Marvel's Hero Project",2019,"Reality","Reality",".92",".84","0.88"
"Disney+","TV Show","Cosmos: Possible Worlds",2020,"Documentary","Documentary",".80","1","0.9"
"Disney+","TV Show","Disney Gallery: Star Wars: The Mandalorian",2020,"Talk show","Talk show","1",".95","0.98"
"Disney+","TV Show","Iron Man: Armored Adventures",2009,"Kids family","Kids family",".60",".60","0.6"
"Disney+","TV Show","Welcome to Earth",2021,"Reality","Reality","1",".87","0.94"
"Disney+","TV Show","The Muppet Show",1974,"Kids family","Kids family","1","1","1"
"Disney+","TV Show","Marvel's 616",2020,"Documentary","Documentary","1",".69","0.84"
"Disney+","TV Show","Lizzie McGuire",2001,"Kids family","Kids family",".90",".80","0.85"
"Disney+","TV Show","Earth to Ned",2020,"Kids family","Kids family",".83",".80","0.82"
"Disney+","TV Show","Encore!",2019,"Reality","Reality",".70",".88","0.79"
"Disney+","TV Show","Secrets of the Whales",2021,"Documentary","Documentary",".92",".83","0.88"
"Disney+","TV Show","One Strange Rock",2018,"Documentary","Documentary",".83",".93","0.88"
"Disney+","TV Show","Dug Days",2021,"Comedy","Comedy","1",".92","0.96"
"Disney+","TV Show","Forky Asks a Question",2019,"Animation","Animation",".83",".64","0.74"
"Disney+","TV Show","Behind the Attraction",2021,"Entertainment","Entertainment",".75",".92","0.84"
"Disney+","TV Show","Marvel Rising: Initiation",2018,"Kids family","Kids family",".83",".76","0.8"
"Disney+","Movie","Lightyear",2022,"Kids & family","Kids & family",".75",".84","0.8"
"Disney+","Movie","Avengers: Endgame",2019,"Action","Action",".94",".90","0.92"
"Disney+","Movie","Thor: The Dark World",2013,"Action","Action",".66",".75","0.7"
"Disney+","Movie","Shang-Chi and the Legend of the Ten Rings",2021,"Action","Action",".91",".98","0.94"
"Disney+","Movie","Thor: Ragnarok",2017,"Action","Action",".93",".87","0.9"
"Disney+","Movie","Turning Red",2022,"Kids & family","Kids & family",".95",".72","0.84"
"Disney+","Movie","The Rescue",2021,"Documentary","Documentary",".96",".99","0.98"
"Disney+","Movie","Free Guy",2021,"Action","Action",".80",".94","0.87"
"Disney+","Movie","Avengers: Infinity War",2018,"Action","Action",".85",".91","0.88"
"Disney+","Movie","Black Panther",2018,"Action","Action",".96",".79","0.88"
"Disney+","Movie","Thor",2011,"Action","Action",".77",".76","0.76"
"Disney+","Movie","Avatar",2009,"Sci-fi","Sci-fi",".82",".82","0.82"
"Disney+","Movie","Black Widow",2021,"Action","Action",".79",".91","0.85"
"Disney+","Movie","Logan",2017,"Action","Action",".94",".90","0.92"
"Disney+","Movie","West Side Story",2021,"Musical","Musical",".91",".93","0.92"
"Disney+","Movie","Encanto",2021,"Kids & family","Kids & family",".91",".93","0.92"
"Disney+","Movie","Guardians of the Galaxy",2014,"Sci-fi","Sci-fi",".92",".92","0.92"
"Disney+","Movie","Marvel's the Avengers",2012,"Action","Action",".91",".91","0.91"
"Disney+","Movie","Toy Story",1995,"Kids & family","Kids & family","1",".92","0.96"
"Disney+","Movie","Star Wars: The Force Awakens",2015,"Sci-fi","Sci-fi",".93",".85","0.89"
"Disney+","Movie","Iron Man",2008,"Action","Action",".94",".91","0.92"
"Disney+","Movie","Avengers: Age of Ultron",2015,"Action","Action",".76",".83","0.8"
"Disney+","Movie","Deadpool",2016,"Action","Action",".85",".90","0.88"
"Disney+","Movie","Captain America: The Winter Soldier",2014,"Action","Action",".90",".92","0.91"
"Disney+","Movie","Captain America: Civil War",2016,"Action","Action",".90",".89","0.9"
"Disney+","Movie","Toy Story 4",2019,"Kids & family","Kids & family",".97",".94","0.96"
"Disney+","Movie","Pirates of the Caribbean: The Curse of the Black Pearl",2003,"Adventure","Adventure",".79",".86","0.82"
"Disney+","Movie","Captain America: The First Avenger",2011,"Action","Action",".79",".75","0.77"
"Disney+","Movie","Cruella",2021,"Comedy","Comedy",".74",".97","0.86"
"Disney+","Movie","Iron Man 3",2013,"Action","Action",".79",".78","0.78"
"Disney+","Movie","Rogue One: A Star Wars Story",2016,"Sci-fi","Sci-fi",".84",".86","0.85"
"Disney+","Movie","Doctor Strange",2016,"Action","Action",".89",".86","0.88"
"Disney+","Movie","Guardians of the Galaxy Vol. 2",2017,"Sci-fi","Sci-fi",".85",".87","0.86"
"Disney+","Movie","Deadpool 2",2018,"Action","Action",".84",".85","0.84"
"Disney+","Movie","Iron Man 2",2010,"Action","Action",".72",".71","0.72"
"Disney+","Movie","Cars",2006,"Kids & family","Kids & family",".74",".79","0.76"
"Disney+","Movie","Chip 'n' Dale: Rescue Rangers",2022,"Kids & family","Kids & family",".80",".80","0.8"
"Disney+","Movie","Zombies 3",2022,"Adventure","Adventure",".71",".69","0.7"
"Disney+","Movie","Jungle Cruise",2021,"Adventure","Adventure",".62",".92","0.77"
"Disney+","Movie","Moana",2016,"Kids & family","Kids & family",".95",".89","0.92"
"Disney+","Movie","Soul",2020,"Kids & family","Kids & family",".95",".88","0.92"
"Disney+","Movie","Luca",2021,"Kids & family","Kids & family",".91",".86","0.88"
"Disney+","Movie","WALL-E",2008,"Kids & family","Kids & family",".95",".90","0.92"
"Disney+","Movie","Toy Story 2",1999,"Kids & family","Kids & family","1",".87","0.94"
"Disney+","Movie","Solo: A Star Wars Story",2018,"Sci-fi","Sci-fi",".69",".64","0.66"
"Disney+","Movie","Rise",2022,"Biography","Biography",".95",".81","0.88"
"Disney+","Movie","Inside Out",2015,"Kids & family","Kids & family",".98",".89","0.94"
"Disney+","Movie","Toy Story 3",2010,"Kids & family","Kids & family",".98",".90","0.94"
"Disney+","Movie","Coco",2017,"Kids & family","Kids & family",".97",".94","0.96"
"Disney+","Movie","Ant-Man",2015,"Action","Action",".83",".85","0.84"
"Disney+","Movie","Ratatouille",2007,"Kids & family","Kids & family",".96",".87","0.92"
"Disney+","Movie","Zootopia",2016,"Kids & family","Kids & family",".98",".92","0.95"
"Disney+","Movie","Cars 3",2017,"Kids & family","Kids & family",".69",".69","0.69"
"Disney+","Movie","Ant-Man and The Wasp",2018,"Action","Action",".87",".81","0.84"
"Disney+","Movie","The Princess Bride",1987,"Kids & family","Kids & family",".97",".94","0.96"
"Disney+","Movie","Up",2009,"Kids & family","Kids & family",".98",".90","0.94"
"Disney+","Movie","10 Things I Hate About You",1999,"Comedy","Comedy",".70",".69","0.7"
"Disney+","Movie","Fantastic Mr. Fox",2009,"Kids & family","Kids & family",".93",".85","0.89"
"Disney+","Movie","X-Men: Days of Future Past",2014,"Action","Action",".90",".91","0.9"
"Disney+","Movie","Frozen II",2019,"Kids & family","Kids & family",".77",".92","0.84"
"Disney+","Movie","Finding Nemo",2003,"Kids & family","Kids & family",".99",".86","0.92"
"Disney+","Movie","The Incredibles",2004,"Kids & family","Kids & family",".97",".75","0.86"
"Disney+","Movie","The Lion King",1994,"Kids & family","Kids & family",".93",".93","0.93"
"Disney+","Movie","Frozen",2013,"Kids & family","Kids & family",".90",".85","0.88"
"Disney+","Movie","Treasure Planet",2002,"Kids & family","Kids & family",".69",".72","0.7"
"Disney+","Movie","Raya and the Last Dragon",2021,"Kids & family","Kids & family",".93",".97","0.95"
"Disney+","Movie","Hidden Figures",2016,"History","History",".93",".93","0.93"
"Disney+","Movie","Free Solo",2018,"Documentary","Documentary",".97",".93","0.95"
"Disney+","Movie","Incredibles 2",2018,"Kids & family","Kids & family",".93",".84","0.88"
"Disney+","Movie","X-Men",2000,"Action","Action",".82",".83","0.82"
"Disney+","Movie","Onward",2020,"Kids & family","Kids & family",".88",".95","0.92"
"Disney+","Movie","Beauty and the Beast",2017,"Kids & family","Kids & family",".71",".80","0.76"
"Disney+","Movie","Zombies 2",2020,"Romance","Romance","1",".64","0.82"
"Disney+","Movie","Big Hero 6",2014,"Kids & family","Kids & family",".90",".91","0.9"
"Disney+","Movie","Ralph Breaks the Internet",2018,"Kids & family","Kids & family",".88",".65","0.76"
"Disney+","Movie","Miss Peregrine's Home for Peculiar Children",2016,"Fantasy","Fantasy",".64",".60","0.62"
"Disney+","Movie","X-Men: First Class",2011,"Action","Action",".86",".87","0.86"
"Disney+","Movie","Tangled",2010,"Kids & family","Kids & family",".89",".87","0.88"
"Disney+","Movie","Hamilton",2020,"Musical","Musical",".98",".89","0.94"
"Disney+","Movie","Isle of Dogs",2018,"Comedy","Comedy",".90",".87","0.88"
"Disney+","Movie","The Good Dinosaur",2015,"Kids & family","Kids & family",".76",".64","0.7"
"Disney+","Movie","Monsters, Inc.",2001,"Kids & family","Kids & family",".96",".90","0.93"
"Disney+","Movie","Home Alone",1990,"Kids & family","Kids & family",".67",".80","0.74"
"Disney+","Movie","Edward Scissorhands",1990,"Holiday","Holiday",".90",".91","0.9"
"Disney+","Movie","Ice Age",2002,"Kids & family","Kids & family",".77",".82","0.8"
"Disney+","Movie","Brave",2012,"Kids & family","Kids & family",".78",".75","0.76"
"Disney+","Movie","Dan in Real Life",2007,"Romance","Romance",".65",".69","0.67"
"Disney+","Movie","Ron's Gone Wrong",2021,"Kids & family","Kids & family",".80",".94","0.87"
"Disney+","Movie","The Jungle Book",2016,"Kids & family","Kids & family",".94",".86","0.9"
"Disney+","Movie","Monsters University",2013,"Kids & family","Kids & family",".80",".81","0.8"
"Disney+","Movie","Finding Dory",2016,"Kids & family","Kids & family",".94",".84","0.89"
"Disney+","Movie","Mary Poppins",1964,"Kids & family","Kids & family",".96",".86","0.91"
"Disney+","Movie","Holes",2003,"Kids & family","Kids & family",".78",".76","0.77"
"Disney+","Movie","The Sandlot",1993,"Kids & family","Kids & family",".64",".89","0.76"
"Disney+","Movie","X2",2003,"Action","Action",".85",".85","0.85"
"Disney+","Movie","Remember the Titans",2000,"Drama","Drama",".72",".93","0.82"
"Disney+","Movie","The Finest Hours",2016,"Adventure","Adventure",".63",".66","0.64"
"Disney+","Movie","Wreck-It Ralph",2012,"Kids & family","Kids & family",".87",".86","0.86"
"Disney+","Movie","Who Framed Roger Rabbit",1988,"Comedy","Comedy",".97",".85","0.91"
"Disney+","Movie","A Bug's Life",1998,"Kids & family","Kids & family",".92",".73","0.82"
"Disney+","Movie","Lilo & Stitch",2002,"Kids & family","Kids & family",".87",".77","0.82"
"Disney+","Movie","The Emperor's New Groove",2000,"Kids & family","Kids & family",".86",".83","0.84"
"Disney+","Movie","Father of the Bride",1991,"Comedy","Comedy",".70",".70","0.7"
"Disney+","Movie","Summer of Soul (...Or, When the Revolution Could Not Be Televised)",2021,"Documentary","Documentary",".99",".98","0.98"
"Disney+","Movie","Pinocchio",1940,"Kids & family","Kids & family","1",".73","0.86"
"Disney+","Movie","The Simpsons Movie",2007,"Comedy","Comedy",".87",".77","0.82"
"Disney+","Movie","The Princess and the Frog",2009,"Kids & family","Kids & family",".85",".74","0.8"
"Disney+","Movie","Aladdin",1992,"Kids & family","Kids & family",".95",".92","0.94"
"Disney+","Movie","Enchanted",2007,"Kids & family","Kids & family",".93",".80","0.86"
"Disney+","Movie","Mulan",1998,"Kids & family","Kids & family",".85",".85","0.85"
"Disney+","Movie","The Straight Story",1999,"Drama","Drama",".95",".91","0.93"
"Disney+","Movie","High School Musical",2006,"Kids & family","Kids & family",".65",".74","0.7"
"Disney+","Movie","Tron",1982,"Kids & family","Kids & family",".72",".69","0.7"
"Disney+","Movie","Togo",2019,"Adventure","Adventure",".92",".95","0.94"
"Disney+","Movie","Descendants",2015,"Kids & family","Kids & family",".90",".67","0.78"
"Disney+","Movie","Bolt",2008,"Kids & family","Kids & family",".89",".74","0.82"
"Disney+","Movie","The Parent Trap",1998,"Kids & family","Kids & family",".86",".70","0.78"
"Disney+","Movie","We Feed People",2022,"Documentary","Documentary","1",".90","0.95"
"Disney+","Movie","Beauty and the Beast",1991,"Kids & family","Kids & family",".94",".92","0.93"
"Disney+","Movie","Hollywood Stargirl",2022,"Kids & family","Kids & family","1",".70","0.85"
"Disney+","Movie","A Goofy Movie",1995,"Kids & family","Kids & family",".61",".70","0.66"
"Disney+","Movie","The Lion King II: Simba's Pride",1998,"Kids & family","Kids & family",".62",".61","0.62"
"Disney+","Movie","The Book of Life",2014,"Kids & family","Kids & family",".83",".77","0.8"
"Disney+","Movie","Mary Poppins Returns",2018,"Kids & family","Kids & family",".80",".65","0.73"
"Disney+","Movie","The Chronicles of Narnia: Prince Caspian",2008,"Kids & family","Kids & family",".66",".73","0.7"
"Disney+","Movie","Meet the Robinsons",2007,"Kids & family","Kids & family",".67",".74","0.7"
"Disney+","Movie","The Hunchback of Notre Dame",1996,"Kids & family","Kids & family",".72",".70","0.71"
"Disney+","Movie","Tarzan",1999,"Kids & family","Kids & family",".89",".75","0.82"
"Disney+","Movie","Christopher Robin",2018,"Kids & family","Kids & family",".72",".83","0.77"
"Disney+","Movie","Snow White and the Seven Dwarfs",1937,"Kids & family","Kids & family",".98",".78","0.88"
"Disney+","Movie","The Muppets",2011,"Kids & family","Kids & family",".95",".80","0.88"
"Disney+","Movie","Hercules",1997,"Kids & family","Kids & family",".84",".76","0.8"
"Disney+","Movie","The Little Mermaid",1989,"Kids & family","Kids & family",".93",".88","0.9"
"Disney+","Movie","The Peanuts Movie",2015,"Kids & family","Kids & family",".87",".76","0.82"
"Disney+","Movie","High School Musical 2",2007,"Kids & family","Kids & family",".83",".72","0.77"
"Disney+","Movie","Pete's Dragon",2016,"Kids & family","Kids & family",".88",".72","0.8"
"Disney+","Movie","High School Musical 3: Senior Year",2008,"Kids & family","Kids & family",".64",".72","0.68"
"Disney+","Movie","Teen Beach Movie",2013,"Musical","Musical",".86",".72","0.79"
"Disney+","Movie","While You Were Sleeping",1995,"Romance","Romance",".81",".79","0.8"
"Disney+","Movie","Descendants 3",2019,"Kids & family","Kids & family",".78",".66","0.72"
"Disney+","Movie","Saving Mr. Banks",2013,"Drama","Drama",".79",".84","0.82"
"Disney+","Movie","James and the Giant Peach",1996,"Kids & family","Kids & family",".91",".65","0.78"
"Disney+","Movie","Sister Act",1992,"Musical","Musical",".74",".65","0.7"
"Disney+","Movie","Fantasia",1940,"Kids & family","Kids & family",".95",".83","0.89"
"Disney+","Movie","Peter Pan",1953,"Kids & family","Kids & family",".79",".80","0.8"
"Disney+","Movie","Cinderella",1950,"Kids & family","Kids & family",".97",".80","0.88"
"Disney+","Movie","The Lion King 1 1/2",2004,"Kids & family","Kids & family",".76",".62","0.69"
"Disney+","Movie","Sleeping Beauty",1959,"Kids & family","Kids & family",".89",".80","0.84"
"Disney+","Movie","Cool Runnings",1993,"Comedy","Comedy",".76",".81","0.78"
"Disney+","Movie","Queen of Katwe",2016,"Biography","Biography",".94",".86","0.9"
